dataset	lineage	field	n_cells	n_missing	missing_fraction	field_status
aidav2	B cells	age	85967	0	0.0	observed
aidav2	B cells	batch	85967	0	0.0	observed
aidav2	B cells	chemistry	85967	0	0.0	observed
aidav2	B cells	ctype_high	85967	0	0.0	observed
aidav2	B cells	ctype_high_conf	85967	0	0.0	observed
aidav2	B cells	ctype_low	85967	0	0.0	observed
aidav2	B cells	ctype_low_conf	85967	0	0.0	observed
aidav2	B cells	dataset	85967	0	0.0	observed
aidav2	B cells	donor_id	85967	0	0.0	observed
aidav2	B cells	lineage	85967	0	0.0	observed
aidav2	B cells	pct_mt	85967	0	0.0	observed
aidav2	B cells	sample_id	85967	0	0.0	observed
aidav2	B cells	sex	85967	0	0.0	observed
immuneindonesia	B cells	age	43152	0	0.0	observed
immuneindonesia	B cells	batch	43152	0	0.0	observed
immuneindonesia	B cells	chemistry	43152	0	0.0	observed
immuneindonesia	B cells	ctype_high	43152	0	0.0	observed
immuneindonesia	B cells	ctype_high_conf	43152	0	0.0	observed
immuneindonesia	B cells	ctype_low	43152	0	0.0	observed
immuneindonesia	B cells	ctype_low_conf	43152	0	0.0	observed
immuneindonesia	B cells	dataset	43152	0	0.0	observed
immuneindonesia	B cells	donor_id	43152	0	0.0	observed
immuneindonesia	B cells	lineage	43152	0	0.0	observed
immuneindonesia	B cells	pct_mt	43152	0	0.0	observed
immuneindonesia	B cells	sample_id	43152	0	0.0	observed
immuneindonesia	B cells	sex	43152	0	0.0	observed
immunobiologyaging	B cells	age	454106	0	0.0	observed
immunobiologyaging	B cells	batch	454106	0	0.0	observed
immunobiologyaging	B cells	chemistry	454106	0	0.0	observed
immunobiologyaging	B cells	ctype_high	454106	0	0.0	observed
immunobiologyaging	B cells	ctype_high_conf	454106	0	0.0	observed
immunobiologyaging	B cells	ctype_low	454106	0	0.0	observed
immunobiologyaging	B cells	ctype_low_conf	454106	0	0.0	observed
immunobiologyaging	B cells	dataset	454106	0	0.0	observed
immunobiologyaging	B cells	donor_id	454106	0	0.0	observed
immunobiologyaging	B cells	lineage	454106	0	0.0	observed
immunobiologyaging	B cells	pct_mt	454106	0	0.0	observed
immunobiologyaging	B cells	sample_id	454106	0	0.0	observed
immunobiologyaging	B cells	sex	454106	0	0.0	observed
onek1k	B cells	age	125509	0	0.0	observed
onek1k	B cells	batch	125509	0	0.0	observed
onek1k	B cells	chemistry	125509	0	0.0	observed
onek1k	B cells	ctype_high	125509	0	0.0	observed
onek1k	B cells	ctype_high_conf	125509	0	0.0	observed
onek1k	B cells	ctype_low	125509	0	0.0	observed
onek1k	B cells	ctype_low_conf	125509	0	0.0	observed
onek1k	B cells	dataset	125509	0	0.0	observed
onek1k	B cells	donor_id	125509	0	0.0	observed
onek1k	B cells	lineage	125509	0	0.0	observed
onek1k	B cells	pct_mt	125509	0	0.0	observed
onek1k	B cells	sample_id	125509	0	0.0	observed
onek1k	B cells	sex	125509	0	0.0	observed
terekhova	B cells	age	71317	0	0.0	observed
terekhova	B cells	batch	71317	0	0.0	observed
terekhova	B cells	chemistry	71317	0	0.0	observed
terekhova	B cells	ctype_high	71317	0	0.0	observed
terekhova	B cells	ctype_high_conf	71317	0	0.0	observed
terekhova	B cells	ctype_low	71317	0	0.0	observed
terekhova	B cells	ctype_low_conf	71317	0	0.0	observed
terekhova	B cells	dataset	71317	0	0.0	observed
terekhova	B cells	donor_id	71317	0	0.0	observed
terekhova	B cells	lineage	71317	0	0.0	observed
terekhova	B cells	pct_mt	71317	0	0.0	observed
terekhova	B cells	sample_id	71317	0	0.0	observed
terekhova	B cells	sex	71317	0	0.0	observed
aidav2	CD4_like	age	355915	0	0.0	observed
aidav2	CD4_like	batch	355915	0	0.0	observed
aidav2	CD4_like	chemistry	355915	0	0.0	observed
aidav2	CD4_like	ctype_high	355915	0	0.0	observed
aidav2	CD4_like	ctype_high_conf	355915	0	0.0	observed
aidav2	CD4_like	ctype_low	355915	0	0.0	observed
aidav2	CD4_like	ctype_low_conf	355915	0	0.0	observed
aidav2	CD4_like	dataset	355915	0	0.0	observed
aidav2	CD4_like	donor_id	355915	0	0.0	observed
aidav2	CD4_like	lineage	355915	0	0.0	observed
aidav2	CD4_like	pct_mt	355915	0	0.0	observed
aidav2	CD4_like	sample_id	355915	0	0.0	observed
aidav2	CD4_like	sex	355915	0	0.0	observed
immuneindonesia	CD4_like	age	97107	0	0.0	observed
immuneindonesia	CD4_like	batch	97107	0	0.0	observed
immuneindonesia	CD4_like	chemistry	97107	0	0.0	observed
immuneindonesia	CD4_like	ctype_high	97107	0	0.0	observed
immuneindonesia	CD4_like	ctype_high_conf	97107	0	0.0	observed
immuneindonesia	CD4_like	ctype_low	97107	0	0.0	observed
immuneindonesia	CD4_like	ctype_low_conf	97107	0	0.0	observed
immuneindonesia	CD4_like	dataset	97107	0	0.0	observed
immuneindonesia	CD4_like	donor_id	97107	0	0.0	observed
immuneindonesia	CD4_like	lineage	97107	0	0.0	observed
immuneindonesia	CD4_like	pct_mt	97107	0	0.0	observed
immuneindonesia	CD4_like	sample_id	97107	0	0.0	observed
immuneindonesia	CD4_like	sex	97107	0	0.0	observed
immunobiologyaging	CD4_like	age	1329779	0	0.0	observed
immunobiologyaging	CD4_like	batch	1329779	0	0.0	observed
immunobiologyaging	CD4_like	chemistry	1329779	0	0.0	observed
immunobiologyaging	CD4_like	ctype_high	1329779	0	0.0	observed
immunobiologyaging	CD4_like	ctype_high_conf	1329779	0	0.0	observed
immunobiologyaging	CD4_like	ctype_low	1329779	0	0.0	observed
immunobiologyaging	CD4_like	ctype_low_conf	1329779	0	0.0	observed
immunobiologyaging	CD4_like	dataset	1329779	0	0.0	observed
immunobiologyaging	CD4_like	donor_id	1329779	0	0.0	observed
immunobiologyaging	CD4_like	lineage	1329779	0	0.0	observed
immunobiologyaging	CD4_like	pct_mt	1329779	0	0.0	observed
immunobiologyaging	CD4_like	sample_id	1329779	0	0.0	observed
immunobiologyaging	CD4_like	sex	1329779	0	0.0	observed
onek1k	CD4_like	age	528733	0	0.0	observed
onek1k	CD4_like	batch	528733	0	0.0	observed
onek1k	CD4_like	chemistry	528733	0	0.0	observed
onek1k	CD4_like	ctype_high	528733	0	0.0	observed
onek1k	CD4_like	ctype_high_conf	528733	0	0.0	observed
onek1k	CD4_like	ctype_low	528733	0	0.0	observed
onek1k	CD4_like	ctype_low_conf	528733	0	0.0	observed
onek1k	CD4_like	dataset	528733	0	0.0	observed
onek1k	CD4_like	donor_id	528733	0	0.0	observed
onek1k	CD4_like	lineage	528733	0	0.0	observed
onek1k	CD4_like	pct_mt	528733	0	0.0	observed
onek1k	CD4_like	sample_id	528733	0	0.0	observed
onek1k	CD4_like	sex	528733	0	0.0	observed
terekhova	CD4_like	age	835741	0	0.0	observed
terekhova	CD4_like	batch	835741	0	0.0	observed
terekhova	CD4_like	chemistry	835741	0	0.0	observed
terekhova	CD4_like	ctype_high	835741	0	0.0	observed
terekhova	CD4_like	ctype_high_conf	835741	0	0.0	observed
terekhova	CD4_like	ctype_low	835741	0	0.0	observed
terekhova	CD4_like	ctype_low_conf	835741	0	0.0	observed
terekhova	CD4_like	dataset	835741	0	0.0	observed
terekhova	CD4_like	donor_id	835741	0	0.0	observed
terekhova	CD4_like	lineage	835741	0	0.0	observed
terekhova	CD4_like	pct_mt	835741	0	0.0	observed
terekhova	CD4_like	sample_id	835741	0	0.0	observed
terekhova	CD4_like	sex	835741	0	0.0	observed
aidav2	CD8_like	age	246058	0	0.0	observed
aidav2	CD8_like	batch	246058	0	0.0	observed
aidav2	CD8_like	chemistry	246058	0	0.0	observed
aidav2	CD8_like	ctype_high	246058	0	0.0	observed
aidav2	CD8_like	ctype_high_conf	246058	0	0.0	observed
aidav2	CD8_like	ctype_low	246058	0	0.0	observed
aidav2	CD8_like	ctype_low_conf	246058	0	0.0	observed
aidav2	CD8_like	dataset	246058	0	0.0	observed
aidav2	CD8_like	donor_id	246058	0	0.0	observed
aidav2	CD8_like	lineage	246058	0	0.0	observed
aidav2	CD8_like	pct_mt	246058	0	0.0	observed
aidav2	CD8_like	sample_id	246058	0	0.0	observed
aidav2	CD8_like	sex	246058	0	0.0	observed
immuneindonesia	CD8_like	age	57456	0	0.0	observed
immuneindonesia	CD8_like	batch	57456	0	0.0	observed
immuneindonesia	CD8_like	chemistry	57456	0	0.0	observed
immuneindonesia	CD8_like	ctype_high	57456	0	0.0	observed
immuneindonesia	CD8_like	ctype_high_conf	57456	0	0.0	observed
immuneindonesia	CD8_like	ctype_low	57456	0	0.0	observed
immuneindonesia	CD8_like	ctype_low_conf	57456	0	0.0	observed
immuneindonesia	CD8_like	dataset	57456	0	0.0	observed
immuneindonesia	CD8_like	donor_id	57456	0	0.0	observed
immuneindonesia	CD8_like	lineage	57456	0	0.0	observed
immuneindonesia	CD8_like	pct_mt	57456	0	0.0	observed
immuneindonesia	CD8_like	sample_id	57456	0	0.0	observed
immuneindonesia	CD8_like	sex	57456	0	0.0	observed
immunobiologyaging	CD8_like	age	540448	0	0.0	observed
immunobiologyaging	CD8_like	batch	540448	0	0.0	observed
immunobiologyaging	CD8_like	chemistry	540448	0	0.0	observed
immunobiologyaging	CD8_like	ctype_high	540448	0	0.0	observed
immunobiologyaging	CD8_like	ctype_high_conf	540448	0	0.0	observed
immunobiologyaging	CD8_like	ctype_low	540448	0	0.0	observed
immunobiologyaging	CD8_like	ctype_low_conf	540448	0	0.0	observed
immunobiologyaging	CD8_like	dataset	540448	0	0.0	observed
immunobiologyaging	CD8_like	donor_id	540448	0	0.0	observed
immunobiologyaging	CD8_like	lineage	540448	0	0.0	observed
immunobiologyaging	CD8_like	pct_mt	540448	0	0.0	observed
immunobiologyaging	CD8_like	sample_id	540448	0	0.0	observed
immunobiologyaging	CD8_like	sex	540448	0	0.0	observed
onek1k	CD8_like	age	138610	0	0.0	observed
onek1k	CD8_like	batch	138610	0	0.0	observed
onek1k	CD8_like	chemistry	138610	0	0.0	observed
onek1k	CD8_like	ctype_high	138610	0	0.0	observed
onek1k	CD8_like	ctype_high_conf	138610	0	0.0	observed
onek1k	CD8_like	ctype_low	138610	0	0.0	observed
onek1k	CD8_like	ctype_low_conf	138610	0	0.0	observed
onek1k	CD8_like	dataset	138610	0	0.0	observed
onek1k	CD8_like	donor_id	138610	0	0.0	observed
onek1k	CD8_like	lineage	138610	0	0.0	observed
onek1k	CD8_like	pct_mt	138610	0	0.0	observed
onek1k	CD8_like	sample_id	138610	0	0.0	observed
onek1k	CD8_like	sex	138610	0	0.0	observed
terekhova	CD8_like	age	270242	0	0.0	observed
terekhova	CD8_like	batch	270242	0	0.0	observed
terekhova	CD8_like	chemistry	270242	0	0.0	observed
terekhova	CD8_like	ctype_high	270242	0	0.0	observed
terekhova	CD8_like	ctype_high_conf	270242	0	0.0	observed
terekhova	CD8_like	ctype_low	270242	0	0.0	observed
terekhova	CD8_like	ctype_low_conf	270242	0	0.0	observed
terekhova	CD8_like	dataset	270242	0	0.0	observed
terekhova	CD8_like	donor_id	270242	0	0.0	observed
terekhova	CD8_like	lineage	270242	0	0.0	observed
terekhova	CD8_like	pct_mt	270242	0	0.0	observed
terekhova	CD8_like	sample_id	270242	0	0.0	observed
terekhova	CD8_like	sex	270242	0	0.0	observed
aidav2	DC	age	10800	0	0.0	observed
aidav2	DC	batch	10800	0	0.0	observed
aidav2	DC	chemistry	10800	0	0.0	observed
aidav2	DC	ctype_high	10800	0	0.0	observed
aidav2	DC	ctype_high_conf	10800	0	0.0	observed
aidav2	DC	ctype_low	10800	0	0.0	observed
aidav2	DC	ctype_low_conf	10800	0	0.0	observed
aidav2	DC	dataset	10800	0	0.0	observed
aidav2	DC	donor_id	10800	0	0.0	observed
aidav2	DC	lineage	10800	0	0.0	observed
aidav2	DC	pct_mt	10800	0	0.0	observed
aidav2	DC	sample_id	10800	0	0.0	observed
aidav2	DC	sex	10800	0	0.0	observed
immuneindonesia	DC	age	2421	0	0.0	observed
immuneindonesia	DC	batch	2421	0	0.0	observed
immuneindonesia	DC	chemistry	2421	0	0.0	observed
immuneindonesia	DC	ctype_high	2421	0	0.0	observed
immuneindonesia	DC	ctype_high_conf	2421	0	0.0	observed
immuneindonesia	DC	ctype_low	2421	0	0.0	observed
immuneindonesia	DC	ctype_low_conf	2421	0	0.0	observed
immuneindonesia	DC	dataset	2421	0	0.0	observed
immuneindonesia	DC	donor_id	2421	0	0.0	observed
immuneindonesia	DC	lineage	2421	0	0.0	observed
immuneindonesia	DC	pct_mt	2421	0	0.0	observed
immuneindonesia	DC	sample_id	2421	0	0.0	observed
immuneindonesia	DC	sex	2421	0	0.0	observed
immunobiologyaging	DC	age	11612	0	0.0	observed
immunobiologyaging	DC	batch	11612	0	0.0	observed
immunobiologyaging	DC	chemistry	11612	0	0.0	observed
immunobiologyaging	DC	ctype_high	11612	0	0.0	observed
immunobiologyaging	DC	ctype_high_conf	11612	0	0.0	observed
immunobiologyaging	DC	ctype_low	11612	0	0.0	observed
immunobiologyaging	DC	ctype_low_conf	11612	0	0.0	observed
immunobiologyaging	DC	dataset	11612	0	0.0	observed
immunobiologyaging	DC	donor_id	11612	0	0.0	observed
immunobiologyaging	DC	lineage	11612	0	0.0	observed
immunobiologyaging	DC	pct_mt	11612	0	0.0	observed
immunobiologyaging	DC	sample_id	11612	0	0.0	observed
immunobiologyaging	DC	sex	11612	0	0.0	observed
onek1k	DC	age	4112	0	0.0	observed
onek1k	DC	batch	4112	0	0.0	observed
onek1k	DC	chemistry	4112	0	0.0	observed
onek1k	DC	ctype_high	4112	0	0.0	observed
onek1k	DC	ctype_high_conf	4112	0	0.0	observed
onek1k	DC	ctype_low	4112	0	0.0	observed
onek1k	DC	ctype_low_conf	4112	0	0.0	observed
onek1k	DC	dataset	4112	0	0.0	observed
onek1k	DC	donor_id	4112	0	0.0	observed
onek1k	DC	lineage	4112	0	0.0	observed
onek1k	DC	pct_mt	4112	0	0.0	observed
onek1k	DC	sample_id	4112	0	0.0	observed
onek1k	DC	sex	4112	0	0.0	observed
terekhova	DC	age	4204	0	0.0	observed
terekhova	DC	batch	4204	0	0.0	observed
terekhova	DC	chemistry	4204	0	0.0	observed
terekhova	DC	ctype_high	4204	0	0.0	observed
terekhova	DC	ctype_high_conf	4204	0	0.0	observed
terekhova	DC	ctype_low	4204	0	0.0	observed
terekhova	DC	ctype_low_conf	4204	0	0.0	observed
terekhova	DC	dataset	4204	0	0.0	observed
terekhova	DC	donor_id	4204	0	0.0	observed
terekhova	DC	lineage	4204	0	0.0	observed
terekhova	DC	pct_mt	4204	0	0.0	observed
terekhova	DC	sample_id	4204	0	0.0	observed
terekhova	DC	sex	4204	0	0.0	observed
aidav2	Monocytes	age	272982	0	0.0	observed
aidav2	Monocytes	batch	272982	0	0.0	observed
aidav2	Monocytes	chemistry	272982	0	0.0	observed
aidav2	Monocytes	ctype_high	272982	0	0.0	observed
aidav2	Monocytes	ctype_high_conf	272982	0	0.0	observed
aidav2	Monocytes	ctype_low	272982	0	0.0	observed
aidav2	Monocytes	ctype_low_conf	272982	0	0.0	observed
aidav2	Monocytes	dataset	272982	0	0.0	observed
aidav2	Monocytes	donor_id	272982	0	0.0	observed
aidav2	Monocytes	lineage	272982	0	0.0	observed
aidav2	Monocytes	pct_mt	272982	0	0.0	observed
aidav2	Monocytes	sample_id	272982	0	0.0	observed
aidav2	Monocytes	sex	272982	0	0.0	observed
immuneindonesia	Monocytes	age	49176	0	0.0	observed
immuneindonesia	Monocytes	batch	49176	0	0.0	observed
immuneindonesia	Monocytes	chemistry	49176	0	0.0	observed
immuneindonesia	Monocytes	ctype_high	49176	0	0.0	observed
immuneindonesia	Monocytes	ctype_high_conf	49176	0	0.0	observed
immuneindonesia	Monocytes	ctype_low	49176	0	0.0	observed
immuneindonesia	Monocytes	ctype_low_conf	49176	0	0.0	observed
immuneindonesia	Monocytes	dataset	49176	0	0.0	observed
immuneindonesia	Monocytes	donor_id	49176	0	0.0	observed
immuneindonesia	Monocytes	lineage	49176	0	0.0	observed
immuneindonesia	Monocytes	pct_mt	49176	0	0.0	observed
immuneindonesia	Monocytes	sample_id	49176	0	0.0	observed
immuneindonesia	Monocytes	sex	49176	0	0.0	observed
immunobiologyaging	Monocytes	age	361405	0	0.0	observed
immunobiologyaging	Monocytes	batch	361405	0	0.0	observed
immunobiologyaging	Monocytes	chemistry	361405	0	0.0	observed
immunobiologyaging	Monocytes	ctype_high	361405	0	0.0	observed
immunobiologyaging	Monocytes	ctype_high_conf	361405	0	0.0	observed
immunobiologyaging	Monocytes	ctype_low	361405	0	0.0	observed
immunobiologyaging	Monocytes	ctype_low_conf	361405	0	0.0	observed
immunobiologyaging	Monocytes	dataset	361405	0	0.0	observed
immunobiologyaging	Monocytes	donor_id	361405	0	0.0	observed
immunobiologyaging	Monocytes	lineage	361405	0	0.0	observed
immunobiologyaging	Monocytes	pct_mt	361405	0	0.0	observed
immunobiologyaging	Monocytes	sample_id	361405	0	0.0	observed
immunobiologyaging	Monocytes	sex	361405	0	0.0	observed
onek1k	Monocytes	age	48706	0	0.0	observed
onek1k	Monocytes	batch	48706	0	0.0	observed
onek1k	Monocytes	chemistry	48706	0	0.0	observed
onek1k	Monocytes	ctype_high	48706	0	0.0	observed
onek1k	Monocytes	ctype_high_conf	48706	0	0.0	observed
onek1k	Monocytes	ctype_low	48706	0	0.0	observed
onek1k	Monocytes	ctype_low_conf	48706	0	0.0	observed
onek1k	Monocytes	dataset	48706	0	0.0	observed
onek1k	Monocytes	donor_id	48706	0	0.0	observed
onek1k	Monocytes	lineage	48706	0	0.0	observed
onek1k	Monocytes	pct_mt	48706	0	0.0	observed
onek1k	Monocytes	sample_id	48706	0	0.0	observed
onek1k	Monocytes	sex	48706	0	0.0	observed
terekhova	Monocytes	age	314266	0	0.0	observed
terekhova	Monocytes	batch	314266	0	0.0	observed
terekhova	Monocytes	chemistry	314266	0	0.0	observed
terekhova	Monocytes	ctype_high	314266	0	0.0	observed
terekhova	Monocytes	ctype_high_conf	314266	0	0.0	observed
terekhova	Monocytes	ctype_low	314266	0	0.0	observed
terekhova	Monocytes	ctype_low_conf	314266	0	0.0	observed
terekhova	Monocytes	dataset	314266	0	0.0	observed
terekhova	Monocytes	donor_id	314266	0	0.0	observed
terekhova	Monocytes	lineage	314266	0	0.0	observed
terekhova	Monocytes	pct_mt	314266	0	0.0	observed
terekhova	Monocytes	sample_id	314266	0	0.0	observed
terekhova	Monocytes	sex	314266	0	0.0	observed
aidav2	NK_ILC	age	160507	0	0.0	observed
aidav2	NK_ILC	batch	160507	0	0.0	observed
aidav2	NK_ILC	chemistry	160507	0	0.0	observed
aidav2	NK_ILC	ctype_high	160507	0	0.0	observed
aidav2	NK_ILC	ctype_high_conf	160507	0	0.0	observed
aidav2	NK_ILC	ctype_low	160507	0	0.0	observed
aidav2	NK_ILC	ctype_low_conf	160507	0	0.0	observed
aidav2	NK_ILC	dataset	160507	0	0.0	observed
aidav2	NK_ILC	donor_id	160507	0	0.0	observed
aidav2	NK_ILC	lineage	160507	0	0.0	observed
aidav2	NK_ILC	pct_mt	160507	0	0.0	observed
aidav2	NK_ILC	sample_id	160507	0	0.0	observed
aidav2	NK_ILC	sex	160507	0	0.0	observed
immuneindonesia	NK_ILC	age	50134	0	0.0	observed
immuneindonesia	NK_ILC	batch	50134	0	0.0	observed
immuneindonesia	NK_ILC	chemistry	50134	0	0.0	observed
immuneindonesia	NK_ILC	ctype_high	50134	0	0.0	observed
immuneindonesia	NK_ILC	ctype_high_conf	50134	0	0.0	observed
immuneindonesia	NK_ILC	ctype_low	50134	0	0.0	observed
immuneindonesia	NK_ILC	ctype_low_conf	50134	0	0.0	observed
immuneindonesia	NK_ILC	dataset	50134	0	0.0	observed
immuneindonesia	NK_ILC	donor_id	50134	0	0.0	observed
immuneindonesia	NK_ILC	lineage	50134	0	0.0	observed
immuneindonesia	NK_ILC	pct_mt	50134	0	0.0	observed
immuneindonesia	NK_ILC	sample_id	50134	0	0.0	observed
immuneindonesia	NK_ILC	sex	50134	0	0.0	observed
immunobiologyaging	NK_ILC	age	507258	0	0.0	observed
immunobiologyaging	NK_ILC	batch	507258	0	0.0	observed
immunobiologyaging	NK_ILC	chemistry	507258	0	0.0	observed
immunobiologyaging	NK_ILC	ctype_high	507258	0	0.0	observed
immunobiologyaging	NK_ILC	ctype_high_conf	507258	0	0.0	observed
immunobiologyaging	NK_ILC	ctype_low	507258	0	0.0	observed
immunobiologyaging	NK_ILC	ctype_low_conf	507258	0	0.0	observed
immunobiologyaging	NK_ILC	dataset	507258	0	0.0	observed
immunobiologyaging	NK_ILC	donor_id	507258	0	0.0	observed
immunobiologyaging	NK_ILC	lineage	507258	0	0.0	observed
immunobiologyaging	NK_ILC	pct_mt	507258	0	0.0	observed
immunobiologyaging	NK_ILC	sample_id	507258	0	0.0	observed
immunobiologyaging	NK_ILC	sex	507258	0	0.0	observed
onek1k	NK_ILC	age	167540	0	0.0	observed
onek1k	NK_ILC	batch	167540	0	0.0	observed
onek1k	NK_ILC	chemistry	167540	0	0.0	observed
onek1k	NK_ILC	ctype_high	167540	0	0.0	observed
onek1k	NK_ILC	ctype_high_conf	167540	0	0.0	observed
onek1k	NK_ILC	ctype_low	167540	0	0.0	observed
onek1k	NK_ILC	ctype_low_conf	167540	0	0.0	observed
onek1k	NK_ILC	dataset	167540	0	0.0	observed
onek1k	NK_ILC	donor_id	167540	0	0.0	observed
onek1k	NK_ILC	lineage	167540	0	0.0	observed
onek1k	NK_ILC	pct_mt	167540	0	0.0	observed
onek1k	NK_ILC	sample_id	167540	0	0.0	observed
onek1k	NK_ILC	sex	167540	0	0.0	observed
terekhova	NK_ILC	age	203491	0	0.0	observed
terekhova	NK_ILC	batch	203491	0	0.0	observed
terekhova	NK_ILC	chemistry	203491	0	0.0	observed
terekhova	NK_ILC	ctype_high	203491	0	0.0	observed
terekhova	NK_ILC	ctype_high_conf	203491	0	0.0	observed
terekhova	NK_ILC	ctype_low	203491	0	0.0	observed
terekhova	NK_ILC	ctype_low_conf	203491	0	0.0	observed
terekhova	NK_ILC	dataset	203491	0	0.0	observed
terekhova	NK_ILC	donor_id	203491	0	0.0	observed
terekhova	NK_ILC	lineage	203491	0	0.0	observed
terekhova	NK_ILC	pct_mt	203491	0	0.0	observed
terekhova	NK_ILC	sample_id	203491	0	0.0	observed
terekhova	NK_ILC	sex	203491	0	0.0	observed
aidav2	T_others	age	83799	0	0.0	observed
aidav2	T_others	batch	83799	0	0.0	observed
aidav2	T_others	chemistry	83799	0	0.0	observed
aidav2	T_others	ctype_high	83799	0	0.0	observed
aidav2	T_others	ctype_high_conf	83799	0	0.0	observed
aidav2	T_others	ctype_low	83799	0	0.0	observed
aidav2	T_others	ctype_low_conf	83799	0	0.0	observed
aidav2	T_others	dataset	83799	0	0.0	observed
aidav2	T_others	donor_id	83799	0	0.0	observed
aidav2	T_others	lineage	83799	0	0.0	observed
aidav2	T_others	pct_mt	83799	0	0.0	observed
aidav2	T_others	sample_id	83799	0	0.0	observed
aidav2	T_others	sex	83799	0	0.0	observed
immuneindonesia	T_others	age	68224	0	0.0	observed
immuneindonesia	T_others	batch	68224	0	0.0	observed
immuneindonesia	T_others	chemistry	68224	0	0.0	observed
immuneindonesia	T_others	ctype_high	68224	0	0.0	observed
immuneindonesia	T_others	ctype_high_conf	68224	0	0.0	observed
immuneindonesia	T_others	ctype_low	68224	0	0.0	observed
immuneindonesia	T_others	ctype_low_conf	68224	0	0.0	observed
immuneindonesia	T_others	dataset	68224	0	0.0	observed
immuneindonesia	T_others	donor_id	68224	0	0.0	observed
immuneindonesia	T_others	lineage	68224	0	0.0	observed
immuneindonesia	T_others	pct_mt	68224	0	0.0	observed
immuneindonesia	T_others	sample_id	68224	0	0.0	observed
immuneindonesia	T_others	sex	68224	0	0.0	observed
immunobiologyaging	T_others	age	410122	0	0.0	observed
immunobiologyaging	T_others	batch	410122	0	0.0	observed
immunobiologyaging	T_others	chemistry	410122	0	0.0	observed
immunobiologyaging	T_others	ctype_high	410122	0	0.0	observed
immunobiologyaging	T_others	ctype_high_conf	410122	0	0.0	observed
immunobiologyaging	T_others	ctype_low	410122	0	0.0	observed
immunobiologyaging	T_others	ctype_low_conf	410122	0	0.0	observed
immunobiologyaging	T_others	dataset	410122	0	0.0	observed
immunobiologyaging	T_others	donor_id	410122	0	0.0	observed
immunobiologyaging	T_others	lineage	410122	0	0.0	observed
immunobiologyaging	T_others	pct_mt	410122	0	0.0	observed
immunobiologyaging	T_others	sample_id	410122	0	0.0	observed
immunobiologyaging	T_others	sex	410122	0	0.0	observed
onek1k	T_others	age	190600	0	0.0	observed
onek1k	T_others	batch	190600	0	0.0	observed
onek1k	T_others	chemistry	190600	0	0.0	observed
onek1k	T_others	ctype_high	190600	0	0.0	observed
onek1k	T_others	ctype_high_conf	190600	0	0.0	observed
onek1k	T_others	ctype_low	190600	0	0.0	observed
onek1k	T_others	ctype_low_conf	190600	0	0.0	observed
onek1k	T_others	dataset	190600	0	0.0	observed
onek1k	T_others	donor_id	190600	0	0.0	observed
onek1k	T_others	lineage	190600	0	0.0	observed
onek1k	T_others	pct_mt	190600	0	0.0	observed
onek1k	T_others	sample_id	190600	0	0.0	observed
onek1k	T_others	sex	190600	0	0.0	observed
terekhova	T_others	age	165984	0	0.0	observed
terekhova	T_others	batch	165984	0	0.0	observed
terekhova	T_others	chemistry	165984	0	0.0	observed
terekhova	T_others	ctype_high	165984	0	0.0	observed
terekhova	T_others	ctype_high_conf	165984	0	0.0	observed
terekhova	T_others	ctype_low	165984	0	0.0	observed
terekhova	T_others	ctype_low_conf	165984	0	0.0	observed
terekhova	T_others	dataset	165984	0	0.0	observed
terekhova	T_others	donor_id	165984	0	0.0	observed
terekhova	T_others	lineage	165984	0	0.0	observed
terekhova	T_others	pct_mt	165984	0	0.0	observed
terekhova	T_others	sample_id	165984	0	0.0	observed
terekhova	T_others	sex	165984	0	0.0	observed
aidav2	pDC	age	3864	0	0.0	observed
aidav2	pDC	batch	3864	0	0.0	observed
aidav2	pDC	chemistry	3864	0	0.0	observed
aidav2	pDC	ctype_high	3864	0	0.0	observed
aidav2	pDC	ctype_high_conf	3864	0	0.0	observed
aidav2	pDC	ctype_low	3864	0	0.0	observed
aidav2	pDC	ctype_low_conf	3864	0	0.0	observed
aidav2	pDC	dataset	3864	0	0.0	observed
aidav2	pDC	donor_id	3864	0	0.0	observed
aidav2	pDC	lineage	3864	0	0.0	observed
aidav2	pDC	pct_mt	3864	0	0.0	observed
aidav2	pDC	sample_id	3864	0	0.0	observed
aidav2	pDC	sex	3864	0	0.0	observed
immuneindonesia	pDC	age	1708	0	0.0	observed
immuneindonesia	pDC	batch	1708	0	0.0	observed
immuneindonesia	pDC	chemistry	1708	0	0.0	observed
immuneindonesia	pDC	ctype_high	1708	0	0.0	observed
immuneindonesia	pDC	ctype_high_conf	1708	0	0.0	observed
immuneindonesia	pDC	ctype_low	1708	0	0.0	observed
immuneindonesia	pDC	ctype_low_conf	1708	0	0.0	observed
immuneindonesia	pDC	dataset	1708	0	0.0	observed
immuneindonesia	pDC	donor_id	1708	0	0.0	observed
immuneindonesia	pDC	lineage	1708	0	0.0	observed
immuneindonesia	pDC	pct_mt	1708	0	0.0	observed
immuneindonesia	pDC	sample_id	1708	0	0.0	observed
immuneindonesia	pDC	sex	1708	0	0.0	observed
immunobiologyaging	pDC	age	12255	0	0.0	observed
immunobiologyaging	pDC	batch	12255	0	0.0	observed
immunobiologyaging	pDC	chemistry	12255	0	0.0	observed
immunobiologyaging	pDC	ctype_high	12255	0	0.0	observed
immunobiologyaging	pDC	ctype_high_conf	12255	0	0.0	observed
immunobiologyaging	pDC	ctype_low	12255	0	0.0	observed
immunobiologyaging	pDC	ctype_low_conf	12255	0	0.0	observed
immunobiologyaging	pDC	dataset	12255	0	0.0	observed
immunobiologyaging	pDC	donor_id	12255	0	0.0	observed
immunobiologyaging	pDC	lineage	12255	0	0.0	observed
immunobiologyaging	pDC	pct_mt	12255	0	0.0	observed
immunobiologyaging	pDC	sample_id	12255	0	0.0	observed
immunobiologyaging	pDC	sex	12255	0	0.0	observed
onek1k	pDC	age	1776	0	0.0	observed
onek1k	pDC	batch	1776	0	0.0	observed
onek1k	pDC	chemistry	1776	0	0.0	observed
onek1k	pDC	ctype_high	1776	0	0.0	observed
onek1k	pDC	ctype_high_conf	1776	0	0.0	observed
onek1k	pDC	ctype_low	1776	0	0.0	observed
onek1k	pDC	ctype_low_conf	1776	0	0.0	observed
onek1k	pDC	dataset	1776	0	0.0	observed
onek1k	pDC	donor_id	1776	0	0.0	observed
onek1k	pDC	lineage	1776	0	0.0	observed
onek1k	pDC	pct_mt	1776	0	0.0	observed
onek1k	pDC	sample_id	1776	0	0.0	observed
onek1k	pDC	sex	1776	0	0.0	observed
terekhova	pDC	age	10420	0	0.0	observed
terekhova	pDC	batch	10420	0	0.0	observed
terekhova	pDC	chemistry	10420	0	0.0	observed
terekhova	pDC	ctype_high	10420	0	0.0	observed
terekhova	pDC	ctype_high_conf	10420	0	0.0	observed
terekhova	pDC	ctype_low	10420	0	0.0	observed
terekhova	pDC	ctype_low_conf	10420	0	0.0	observed
terekhova	pDC	dataset	10420	0	0.0	observed
terekhova	pDC	donor_id	10420	0	0.0	observed
terekhova	pDC	lineage	10420	0	0.0	observed
terekhova	pDC	pct_mt	10420	0	0.0	observed
terekhova	pDC	sample_id	10420	0	0.0	observed
terekhova	pDC	sex	10420	0	0.0	observed
